{
  "test_auc": 0.8320183936552222,
  "accuracy": 0.7913413768630234
}